Month_Year,Province,SupplyProvince,DemandProvince
Dec 2019,ACEH,2687246,3930723
Dec 2019,BALI,5120529,5141045
Dec 2019,BANTEN,16349469,13433846
Dec 2019,BENGKULU,554903,1339242
Dec 2019,DI YOGYAKARTA,4206148,6313628
Dec 2019,DKI JAKARTA,1860371,18583186
Dec 2019,GORONTALO,108310,521596
Dec 2019,JAMBI,2027640,3139312
Dec 2019,JAWA BARAT,64997688,51933021
Dec 2019,JAWA TENGAH,57880193,32000912
Dec 2019,JAWA TIMUR,36715663,43989186
Dec 2019,KALIMANTAN BARAT,4751179,3735503
Dec 2019,KALIMANTAN SELATAN,5294465,4280602
Dec 2019,KALIMANTAN TENGAH,1909996,3520988
Dec 2019,KALIMANTAN TIMUR,2993382,5379063
Dec 2019,KALIMANTAN UTARA,342939,493065
Dec 2019,KEPULAUAN BABEL,1637212,1738389
Dec 2019,KEPULAUAN RIAU,6054784,2909590
Dec 2019,LAMPUNG,5404511,5618463
Dec 2019,MALUKU,70693,725551
Dec 2019,MALUKU UTARA,1862,392235
Dec 2019,NTB,2511725,3624871
Dec 2019,NTT,2209704,1358996
Dec 2019,NUSA TENGGARA BARAT,2511500,3624396
Dec 2019,NUSA TENGGARA TIMUR,2209922,1359059
Dec 2019,PAPUA,466464,1870516
Dec 2019,PAPUA BARAT,50821,136273
Dec 2019,RIAU,10851716,7309435
Dec 2019,SULAWESI BARAT,109780,498595
Dec 2019,SULAWESI SELATAN,5447863,5931514
Dec 2019,SULAWESI TENGAH,277314,1276180
Dec 2019,SULAWESI TENGGARA,109780,858620
Dec 2019,SULAWESI UTARA,418044,1591997
Dec 2019,SUMATERA BARAT,3885216,5993194
Dec 2019,SUMATERA SELATAN,5758528,7021239
Dec 2019,SUMATERA UTARA,10364174,11238306
Jan 2020,ACEH,2431642,3930723
Jan 2020,BALI,4633478,5141045
Jan 2020,BANTEN,14794351,13433846
Jan 2020,BENGKULU,502122,1339242
Jan 2020,DI YOGYAKARTA,3806070,6313628
Jan 2020,DKI JAKARTA,1683418,18583186
Jan 2020,GORONTALO,98008,521596
Jan 2020,JAMBI,1834776,3139312
Jan 2020,JAWA BARAT,58815281,51933021
Jan 2020,JAWA TENGAH,52374783,32000912
Jan 2020,JAWA TIMUR,33223367,43989186
Jan 2020,KALIMANTAN BARAT,4299259,3735503
Jan 2020,KALIMANTAN SELATAN,4790870,4280602
Jan 2020,KALIMANTAN TENGAH,1728322,3520988
Jan 2020,KALIMANTAN TIMUR,2708660,5379063
Jan 2020,KALIMANTAN UTARA,310320,493065
Jan 2020,KEPULAUAN BABEL,1481484,1738389
Jan 2020,KEPULAUAN RIAU,5478869,2909590
Jan 2020,LAMPUNG,4890448,5618463
Jan 2020,MALUKU,63969,725551
Jan 2020,MALUKU UTARA,1685,392235
Jan 2020,NTB,2272817,3624871
Jan 2020,NTT,1999523,1358996
Jan 2020,NUSA TENGGARA BARAT,2272613,3624396
Jan 2020,NUSA TENGGARA TIMUR,1999720,1359059
Jan 2020,PAPUA,422095,1870516
Jan 2020,PAPUA BARAT,45987,136273
Jan 2020,RIAU,9819529,7309435
Jan 2020,SULAWESI BARAT,99338,498595
Jan 2020,SULAWESI SELATAN,4929676,5931514
Jan 2020,SULAWESI TENGAH,250937,1276180
Jan 2020,SULAWESI TENGGARA,99338,858620
Jan 2020,SULAWESI UTARA,378281,1591997
Jan 2020,SUMATERA BARAT,3515665,5993194
Jan 2020,SUMATERA SELATAN,5210792,7021239
Jan 2020,SUMATERA UTARA,9378361,11238306
Feb 2020,ACEH,2329149,2515667
Feb 2020,BALI,4438178,3290275
Feb 2020,BANTEN,14170772,8597677
Feb 2020,BENGKULU,480957,857116
Feb 2020,DI YOGYAKARTA,3645645,4040729
Feb 2020,DKI JAKARTA,1612462,11893260
Feb 2020,GORONTALO,93877,333822
Feb 2020,JAMBI,1757441,2009163
Feb 2020,JAWA BARAT,56336231,33237191
Feb 2020,JAWA TENGAH,50167199,20480620
Feb 2020,JAWA TIMUR,31823010,28153128
Feb 2020,KALIMANTAN BARAT,4118046,2390726
Feb 2020,KALIMANTAN SELATAN,4588936,2739590
Feb 2020,KALIMANTAN TENGAH,1655474,2253436
Feb 2020,KALIMANTAN TIMUR,2594490,3442606
Feb 2020,KALIMANTAN UTARA,297240,315562
Feb 2020,KEPULAUAN BABEL,1419040,1112571
Feb 2020,KEPULAUAN RIAU,5247936,1862141
Feb 2020,LAMPUNG,4684317,3595822
Feb 2020,MALUKU,61273,464354
Feb 2020,MALUKU UTARA,1614,251030
Feb 2020,NTB,2177018,2319921
Feb 2020,NTT,1915244,869759
Feb 2020,NUSA TENGGARA BARAT,2176823,2319617
Feb 2020,NUSA TENGGARA TIMUR,1915433,869799
Feb 2020,PAPUA,404304,1197132
Feb 2020,PAPUA BARAT,44049,87215
Feb 2020,RIAU,9405638,4678046
Feb 2020,SULAWESI BARAT,95151,319101
Feb 2020,SULAWESI SELATAN,4721892,3796175
Feb 2020,SULAWESI TENGAH,240360,816756
Feb 2020,SULAWESI TENGGARA,95151,549518
Feb 2020,SULAWESI UTARA,362336,1018880
Feb 2020,SUMATERA BARAT,3367480,3835651
Feb 2020,SUMATERA SELATAN,4991159,4493601
Feb 2020,SUMATERA UTARA,8983066,7192529
Mar 2020,ACEH,2648663,2572688
Mar 2020,BALI,5047008,3364853
Mar 2020,BANTEN,16114722,8792554
Mar 2020,BENGKULU,546935,876544
Mar 2020,DI YOGYAKARTA,4145755,4132317
Mar 2020,DKI JAKARTA,1833660,12162836
Mar 2020,GORONTALO,106755,341388
Mar 2020,JAMBI,1998527,2054704
Mar 2020,JAWA BARAT,64064446,33990556
Mar 2020,JAWA TENGAH,57049145,20944840
Mar 2020,JAWA TIMUR,36188497,28791256
Mar 2020,KALIMANTAN BARAT,4682961,2444915
Mar 2020,KALIMANTAN SELATAN,5218447,2801686
Mar 2020,KALIMANTAN TENGAH,1882572,2304513
Mar 2020,KALIMANTAN TIMUR,2950403,3520637
Mar 2020,KALIMANTAN UTARA,338015,322715
Mar 2020,KEPULAUAN BABEL,1613704,1137789
Mar 2020,KEPULAUAN RIAU,5967849,1904349
Mar 2020,LAMPUNG,5326912,3677326
Mar 2020,MALUKU,69678,474879
Mar 2020,MALUKU UTARA,1835,256720
Mar 2020,NTB,2475662,2372506
Mar 2020,NTT,2177977,889473
Mar 2020,NUSA TENGGARA BARAT,2475440,2372195
Mar 2020,NUSA TENGGARA TIMUR,2178192,889514
Mar 2020,PAPUA,459766,1224267
Mar 2020,PAPUA BARAT,50091,89192
Mar 2020,RIAU,10695906,4784081
Mar 2020,SULAWESI BARAT,108204,326334
Mar 2020,SULAWESI SELATAN,5369642,3882221
Mar 2020,SULAWESI TENGAH,273332,835269
Mar 2020,SULAWESI TENGGARA,108204,561973
Mar 2020,SULAWESI UTARA,412042,1041974
Mar 2020,SUMATERA BARAT,3829432,3922591
Mar 2020,SUMATERA SELATAN,5675847,4595454
Mar 2020,SUMATERA UTARA,10215364,7355557
Apr 2020,ACEH,2065803,2696630
Apr 2020,BALI,3936373,3526958
Apr 2020,BANTEN,12568547,9216144
Apr 2020,BENGKULU,426578,918772
Apr 2020,DI YOGYAKARTA,3233448,4331396
Apr 2020,DKI JAKARTA,1430148,12748792
Apr 2020,GORONTALO,83262,357835
Apr 2020,JAMBI,1558735,2153691
Apr 2020,JAWA BARAT,49966547,35628083
Apr 2020,JAWA TENGAH,44495020,21953877
Apr 2020,JAWA TIMUR,28224926,30178302
Apr 2020,KALIMANTAN BARAT,3652437,2562701
Apr 2020,KALIMANTAN SELATAN,4070085,2936660
Apr 2020,KALIMANTAN TENGAH,1468297,2415536
Apr 2020,KALIMANTAN TIMUR,2301143,3690247
Apr 2020,KALIMANTAN UTARA,263632,338262
Apr 2020,KEPULAUAN BABEL,1258596,1192603
Apr 2020,KEPULAUAN RIAU,4654575,1996093
Apr 2020,LAMPUNG,4154682,3854485
Apr 2020,MALUKU,54345,497756
Apr 2020,MALUKU UTARA,1431,269088
Apr 2020,NTB,1930872,2486803
Apr 2020,NTT,1698696,932324
Apr 2020,NUSA TENGGARA BARAT,1930699,2486477
Apr 2020,NUSA TENGGARA TIMUR,1698863,932367
Apr 2020,PAPUA,358591,1283247
Apr 2020,PAPUA BARAT,39068,93489
Apr 2020,RIAU,8342185,5014558
Apr 2020,SULAWESI BARAT,84393,342055
Apr 2020,SULAWESI SELATAN,4188009,4069250
Apr 2020,SULAWESI TENGAH,213183,875509
Apr 2020,SULAWESI TENGGARA,84393,589047
Apr 2020,SULAWESI UTARA,321368,1092172
Apr 2020,SUMATERA BARAT,2986734,4111565
Apr 2020,SUMATERA SELATAN,4426831,4816845
Apr 2020,SUMATERA UTARA,7967391,7709918
May 2020,ACEH,3065417,2515667
May 2020,BALI,5841132,3290275
May 2020,BANTEN,18650298,8597677
May 2020,BENGKULU,632993,857116
May 2020,DI YOGYAKARTA,4798071,4040729
May 2020,DKI JAKARTA,2122178,11893260
May 2020,GORONTALO,123552,333822
May 2020,JAMBI,2312986,2009163
May 2020,JAWA BARAT,74144688,33237191
May 2020,JAWA TENGAH,66025562,20480620
May 2020,JAWA TIMUR,41882588,28153128
May 2020,KALIMANTAN BARAT,5419803,2390726
May 2020,KALIMANTAN SELATAN,6039545,2739590
May 2020,KALIMANTAN TENGAH,2178786,2253436
May 2020,KALIMANTAN TIMUR,3414635,3442606
May 2020,KALIMANTAN UTARA,391201,315562
May 2020,KEPULAUAN BABEL,1867613,1112571
May 2020,KEPULAUAN RIAU,6906862,1862141
May 2020,LAMPUNG,6165077,3595822
May 2020,MALUKU,80642,464354
May 2020,MALUKU UTARA,2124,251030
May 2020,NTB,2865196,2319921
May 2020,NTT,2520672,869759
May 2020,NUSA TENGGARA BARAT,2864939,2319617
May 2020,NUSA TENGGARA TIMUR,2520920,869799
May 2020,PAPUA,532109,1197132
May 2020,PAPUA BARAT,57973,87215
May 2020,RIAU,12378857,4678046
May 2020,SULAWESI BARAT,125229,319101
May 2020,SULAWESI SELATAN,6214530,3796175
May 2020,SULAWESI TENGAH,316340,816756
May 2020,SULAWESI TENGGARA,125229,549518
May 2020,SULAWESI UTARA,476875,1018880
May 2020,SUMATERA BARAT,4431975,3835651
May 2020,SUMATERA SELATAN,6568915,4493601
May 2020,SUMATERA UTARA,11822704,7192529
Jun 2020,ACEH,2971414,2531084
Jun 2020,BALI,5662009,3310438
Jun 2020,BANTEN,18078372,8650365
Jun 2020,BENGKULU,613582,862369
Jun 2020,DI YOGYAKARTA,4650934,4065492
Jun 2020,DKI JAKARTA,2057100,11966145
Jun 2020,GORONTALO,119763,335867
Jun 2020,JAMBI,2242056,2021476
Jun 2020,JAWA BARAT,71870984,33440878
Jun 2020,JAWA TENGAH,64000837,20606130
Jun 2020,JAWA TIMUR,40598226,28325658
Jun 2020,KALIMANTAN BARAT,5253600,2405377
Jun 2020,KALIMANTAN SELATAN,5854338,2756379
Jun 2020,KALIMANTAN TENGAH,2111972,2267246
Jun 2020,KALIMANTAN TIMUR,3309923,3463703
Jun 2020,KALIMANTAN UTARA,379204,317496
Jun 2020,KEPULAUAN BABEL,1810341,1119389
Jun 2020,KEPULAUAN RIAU,6695058,1873553
Jun 2020,LAMPUNG,5976020,3617858
Jun 2020,MALUKU,78169,467199
Jun 2020,MALUKU UTARA,2059,252569
Jun 2020,NTB,2777332,2334139
Jun 2020,NTT,2443374,875089
Jun 2020,NUSA TENGGARA BARAT,2777083,2333833
Jun 2020,NUSA TENGGARA TIMUR,2443615,875129
Jun 2020,PAPUA,515791,1204469
Jun 2020,PAPUA BARAT,56195,87749
Jun 2020,RIAU,11999250,4706715
Jun 2020,SULAWESI BARAT,121389,321057
Jun 2020,SULAWESI SELATAN,6023957,3819439
Jun 2020,SULAWESI TENGAH,306639,821762
Jun 2020,SULAWESI TENGGARA,121389,552885
Jun 2020,SULAWESI UTARA,462251,1025124
Jun 2020,SUMATERA BARAT,4296065,3859157
Jun 2020,SUMATERA SELATAN,6367474,4521139
Jun 2020,SUMATERA UTARA,11460152,7236606
Jul 2020,ACEH,3147807,2515667
Jul 2020,BALI,5998126,3290275
Jul 2020,BANTEN,19151568,8597677
Jul 2020,BENGKULU,650006,857116
Jul 2020,DI YOGYAKARTA,4927030,4040729
Jul 2020,DKI JAKARTA,2179216,11893260
Jul 2020,GORONTALO,126873,333822
Jul 2020,JAMBI,2375153,2009163
Jul 2020,JAWA BARAT,76137496,33237191
Jul 2020,JAWA TENGAH,67800150,20480620
Jul 2020,JAWA TIMUR,43008278,28153128
Jul 2020,KALIMANTAN BARAT,5565473,2390726
Jul 2020,KALIMANTAN SELATAN,6201872,2739590
Jul 2020,KALIMANTAN TENGAH,2237346,2253436
Jul 2020,KALIMANTAN TIMUR,3506411,3442606
Jul 2020,KALIMANTAN UTARA,401715,315562
Jul 2020,KEPULAUAN BABEL,1917810,1112571
Jul 2020,KEPULAUAN RIAU,7092500,1862141
Jul 2020,LAMPUNG,6330778,3595822
Jul 2020,MALUKU,82809,464354
Jul 2020,MALUKU UTARA,2181,251030
Jul 2020,NTB,2942204,2319921
Jul 2020,NTT,2588421,869759
Jul 2020,NUSA TENGGARA BARAT,2941940,2319617
Jul 2020,NUSA TENGGARA TIMUR,2588676,869799
Jul 2020,PAPUA,546410,1197132
Jul 2020,PAPUA BARAT,59531,87215
Jul 2020,RIAU,12711567,4678046
Jul 2020,SULAWESI BARAT,128595,319101
Jul 2020,SULAWESI SELATAN,6381560,3796175
Jul 2020,SULAWESI TENGAH,324843,816756
Jul 2020,SULAWESI TENGGARA,128595,549518
Jul 2020,SULAWESI UTARA,489692,1018880
Jul 2020,SUMATERA BARAT,4551095,3835651
Jul 2020,SUMATERA SELATAN,6745470,4493601
Jul 2020,SUMATERA UTARA,12140467,7192529
Aug 2020,ACEH,3077826,2515667
Aug 2020,BALI,5864776,3290275
Aug 2020,BANTEN,18725793,8597677
Aug 2020,BENGKULU,635555,857116
Aug 2020,DI YOGYAKARTA,4817493,4040729
Aug 2020,DKI JAKARTA,2130768,11893260
Aug 2020,GORONTALO,124052,333822
Aug 2020,JAMBI,2322349,2009163
Aug 2020,JAWA BARAT,74444818,33237191
Aug 2020,JAWA TENGAH,66292827,20480620
Aug 2020,JAWA TIMUR,42052124,28153128
Aug 2020,KALIMANTAN BARAT,5441742,2390726
Aug 2020,KALIMANTAN SELATAN,6063993,2739590
Aug 2020,KALIMANTAN TENGAH,2187606,2253436
Aug 2020,KALIMANTAN TIMUR,3428457,3442606
Aug 2020,KALIMANTAN UTARA,392784,315562
Aug 2020,KEPULAUAN BABEL,1875173,1112571
Aug 2020,KEPULAUAN RIAU,6934820,1862141
Aug 2020,LAMPUNG,6190033,3595822
Aug 2020,MALUKU,80968,464354
Aug 2020,MALUKU UTARA,2133,251030
Aug 2020,NTB,2876794,2319921
Aug 2020,NTT,2530875,869759
Aug 2020,NUSA TENGGARA BARAT,2876536,2319617
Aug 2020,NUSA TENGGARA TIMUR,2531125,869799
Aug 2020,PAPUA,534263,1197132
Aug 2020,PAPUA BARAT,58208,87215
Aug 2020,RIAU,12428965,4678046
Aug 2020,SULAWESI BARAT,125736,319101
Aug 2020,SULAWESI SELATAN,6239686,3796175
Aug 2020,SULAWESI TENGAH,317621,816756
Aug 2020,SULAWESI TENGGARA,125736,549518
Aug 2020,SULAWESI UTARA,478805,1018880
Aug 2020,SUMATERA BARAT,4449916,3835651
Aug 2020,SUMATERA SELATAN,6595505,4493601
Aug 2020,SUMATERA UTARA,11870561,7192529
Sep 2020,ACEH,2815063,2515667
Sep 2020,BALI,5364083,3290275
Sep 2020,BANTEN,17127116,8597677
Sep 2020,BENGKULU,581296,857116
Sep 2020,DI YOGYAKARTA,4406209,4040729
Sep 2020,DKI JAKARTA,1948858,11893260
Sep 2020,GORONTALO,113461,333822
Sep 2020,JAMBI,2124083,2009163
Sep 2020,JAWA BARAT,68089243,33237191
Sep 2020,JAWA TENGAH,60633211,20480620
Sep 2020,JAWA TIMUR,38462010,28153128
Sep 2020,KALIMANTAN BARAT,4977164,2390726
Sep 2020,KALIMANTAN SELATAN,5546292,2739590
Sep 2020,KALIMANTAN TENGAH,2000844,2253436
Sep 2020,KALIMANTAN TIMUR,3135760,3442606
Sep 2020,KALIMANTAN UTARA,359251,315562
Sep 2020,KEPULAUAN BABEL,1715084,1112571
Sep 2020,KEPULAUAN RIAU,6342774,1862141
Sep 2020,LAMPUNG,5661571,3595822
Sep 2020,MALUKU,74056,464354
Sep 2020,MALUKU UTARA,1951,251030
Sep 2020,NTB,2631193,2319921
Sep 2020,NTT,2314807,869759
Sep 2020,NUSA TENGGARA BARAT,2630957,2319617
Sep 2020,NUSA TENGGARA TIMUR,2315035,869799
Sep 2020,PAPUA,488651,1197132
Sep 2020,PAPUA BARAT,53238,87215
Sep 2020,RIAU,11367867,4678046
Sep 2020,SULAWESI BARAT,115002,319101
Sep 2020,SULAWESI SELATAN,5706985,3796175
Sep 2020,SULAWESI TENGAH,290504,816756
Sep 2020,SULAWESI TENGGARA,115002,549518
Sep 2020,SULAWESI UTARA,437928,1018880
Sep 2020,SUMATERA BARAT,4070013,3835651
Sep 2020,SUMATERA SELATAN,6032427,4493601
Sep 2020,SUMATERA UTARA,10857136,7192529
Oct 2020,ACEH,2886143,3930723
Oct 2020,BALI,5499525,5141045
Oct 2020,BANTEN,17559573,13433846
Oct 2020,BENGKULU,595974,1339242
Oct 2020,DI YOGYAKARTA,4517465,6313628
Oct 2020,DKI JAKARTA,1998066,18583186
Oct 2020,GORONTALO,116326,521596
Oct 2020,JAMBI,2177715,3139312
Oct 2020,JAWA BARAT,69808485,51933021
Oct 2020,JAWA TENGAH,62164190,32000912
Oct 2020,JAWA TIMUR,39433169,43989186
Oct 2020,KALIMANTAN BARAT,5102837,3735503
Oct 2020,KALIMANTAN SELATAN,5686335,4280602
Oct 2020,KALIMANTAN TENGAH,2051365,3520988
Oct 2020,KALIMANTAN TIMUR,3214937,5379063
Oct 2020,KALIMANTAN UTARA,368322,493065
Oct 2020,KEPULAUAN BABEL,1758390,1738389
Oct 2020,KEPULAUAN RIAU,6502928,2909590
Oct 2020,LAMPUNG,5804525,5618463
Oct 2020,MALUKU,75926,725551
Oct 2020,MALUKU UTARA,2000,392235
Oct 2020,NTB,2697630,3624871
Oct 2020,NTT,2373256,1358996
Oct 2020,NUSA TENGGARA BARAT,2697388,3624396
Oct 2020,NUSA TENGGARA TIMUR,2373490,1359059
Oct 2020,PAPUA,500989,1870516
Oct 2020,PAPUA BARAT,54583,136273
Oct 2020,RIAU,11654904,7309435
Oct 2020,SULAWESI BARAT,117905,498595
Oct 2020,SULAWESI SELATAN,5851086,5931514
Oct 2020,SULAWESI TENGAH,297840,1276180
Oct 2020,SULAWESI TENGGARA,117905,858620
Oct 2020,SULAWESI UTARA,448986,1591997
Oct 2020,SUMATERA BARAT,4172780,5993194
Oct 2020,SUMATERA SELATAN,6184745,7021239
Oct 2020,SUMATERA UTARA,11131277,11238306
Nov 2020,ACEH,2872807,3964958
Nov 2020,BALI,5474113,5185821
Nov 2020,BANTEN,17478436,13550848
Nov 2020,BENGKULU,593220,1350907
Nov 2020,DI YOGYAKARTA,4496592,6368617
Nov 2020,DKI JAKARTA,1988834,18745037
Nov 2020,GORONTALO,115789,526139
Nov 2020,JAMBI,2167653,3166654
Nov 2020,JAWA BARAT,69485923,52385332
Nov 2020,JAWA TENGAH,61876949,32279624
Nov 2020,JAWA TIMUR,39250961,44372310
Nov 2020,KALIMANTAN BARAT,5079258,3768037
Nov 2020,KALIMANTAN SELATAN,5660060,4317884
Nov 2020,KALIMANTAN TENGAH,2041886,3551654
Nov 2020,KALIMANTAN TIMUR,3200082,5425912
Nov 2020,KALIMANTAN UTARA,366620,497359
Nov 2020,KEPULAUAN BABEL,1750265,1753530
Nov 2020,KEPULAUAN RIAU,6472880,2934932
Nov 2020,LAMPUNG,5777704,5667397
Nov 2020,MALUKU,75575,731871
Nov 2020,MALUKU UTARA,1991,395651
Nov 2020,NTB,2685166,3656442
Nov 2020,NTT,2362289,1370832
Nov 2020,NUSA TENGGARA BARAT,2684925,3655963
Nov 2020,NUSA TENGGARA TIMUR,2362522,1370896
Nov 2020,PAPUA,498674,1886807
Nov 2020,PAPUA BARAT,54331,137460
Nov 2020,RIAU,11601051,7373097
Nov 2020,SULAWESI BARAT,117361,502937
Nov 2020,SULAWESI SELATAN,5824050,5983174
Nov 2020,SULAWESI TENGAH,296463,1287295
Nov 2020,SULAWESI TENGGARA,117361,866098
Nov 2020,SULAWESI UTARA,446911,1605863
Nov 2020,SUMATERA BARAT,4153499,6045392
Nov 2020,SUMATERA SELATAN,6156167,7082391
Nov 2020,SUMATERA UTARA,11079843,11336187
Dec 2020,ACEH,2497825,3722591
Dec 2020,BALI,4759588,4868827
Dec 2020,BANTEN,15197009,12722524
Dec 2020,BENGKULU,515788,1268329
Dec 2020,DI YOGYAKARTA,3909660,5979321
Dec 2020,DKI JAKARTA,1729235,17599206
Dec 2020,GORONTALO,100675,493977
Dec 2020,JAMBI,1884713,2973086
Dec 2020,JAWA BARAT,60416057,49183167
Dec 2020,JAWA TENGAH,53800269,30306463
Dec 2020,JAWA TIMUR,34127608,41659958
Dec 2020,KALIMANTAN BARAT,4416272,3537708
Dec 2020,KALIMANTAN SELATAN,4921263,4053944
Dec 2020,KALIMANTAN TENGAH,1775362,3334552
Dec 2020,KALIMANTAN TIMUR,2782381,5094241
Dec 2020,KALIMANTAN UTARA,318766,466957
Dec 2020,KEPULAUAN BABEL,1521806,1646341
Dec 2020,KEPULAUAN RIAU,5627987,2755528
Dec 2020,LAMPUNG,5023552,5320965
Dec 2020,MALUKU,65710,687133
Dec 2020,MALUKU UTARA,1731,371466
Dec 2020,NTB,2334676,3432934
Dec 2020,NTT,2053944,1287037
Dec 2020,NUSA TENGGARA BARAT,2334467,3432484
Dec 2020,NUSA TENGGARA TIMUR,2054147,1287097
Dec 2020,PAPUA,433583,1771472
Dec 2020,PAPUA BARAT,47239,129058
Dec 2020,RIAU,10086788,6922400
Dec 2020,SULAWESI BARAT,102042,472194
Dec 2020,SULAWESI SELATAN,5063848,5617440
Dec 2020,SULAWESI TENGAH,257767,1208606
Dec 2020,SULAWESI TENGGARA,102042,813156
Dec 2020,SULAWESI UTARA,388576,1507701
Dec 2020,SUMATERA BARAT,3611351,5675854
Dec 2020,SUMATERA SELATAN,5352615,6649465
Dec 2020,SUMATERA UTARA,9633612,10643238
Jan 2021,ACEH,2397824,3362339
Jan 2021,BALI,4569036,4397648
Jan 2021,BANTEN,14588593,11491307
Jan 2021,BENGKULU,495138,1145587
Jan 2021,DI YOGYAKARTA,3753136,5400675
Jan 2021,DKI JAKARTA,1660005,15896051
Jan 2021,GORONTALO,96644,446173
Jan 2021,JAMBI,1809258,2685367
Jan 2021,JAWA BARAT,57997286,44423487
Jan 2021,JAWA TENGAH,51646362,27373569
Jan 2021,JAWA TIMUR,32761301,37628334
Jan 2021,KALIMANTAN BARAT,4239466,3195347
Jan 2021,KALIMANTAN SELATAN,4724239,3661625
Jan 2021,KALIMANTAN TENGAH,1704285,3011852
Jan 2021,KALIMANTAN TIMUR,2670988,4601248
Jan 2021,KALIMANTAN UTARA,306004,421767
Jan 2021,KEPULAUAN BABEL,1460880,1487017
Jan 2021,KEPULAUAN RIAU,5402669,2488863
Jan 2021,LAMPUNG,4822432,4806031
Jan 2021,MALUKU,63079,620636
Jan 2021,MALUKU UTARA,1662,335517
Jan 2021,NTB,2241207,3100713
Jan 2021,NTT,1971714,1162484
Jan 2021,NUSA TENGGARA BARAT,2241006,3100307
Jan 2021,NUSA TENGGARA TIMUR,1971908,1162539
Jan 2021,PAPUA,416225,1600039
Jan 2021,PAPUA BARAT,45348,116568
Jan 2021,RIAU,9682961,6252488
Jan 2021,SULAWESI BARAT,97956,426498
Jan 2021,SULAWESI SELATAN,4861115,5073815
Jan 2021,SULAWESI TENGAH,247447,1091644
Jan 2021,SULAWESI TENGGARA,97956,734463
Jan 2021,SULAWESI UTARA,373020,1361794
Jan 2021,SUMATERA BARAT,3466769,5126576
Jan 2021,SUMATERA SELATAN,5138321,6005966
Jan 2021,SUMATERA UTARA,9247928,9613243
Feb 2021,ACEH,2466275,3722591
Feb 2021,BALI,4699470,4868827
Feb 2021,BANTEN,15005058,12722524
Feb 2021,BENGKULU,509273,1268329
Feb 2021,DI YOGYAKARTA,3860278,5979321
Feb 2021,DKI JAKARTA,1707394,17599206
Feb 2021,GORONTALO,99403,493977
Feb 2021,JAMBI,1860908,2973086
Feb 2021,JAWA BARAT,59652953,49183167
Feb 2021,JAWA TENGAH,53120727,30306463
Feb 2021,JAWA TIMUR,33696548,41659958
Feb 2021,KALIMANTAN BARAT,4360491,3537708
Feb 2021,KALIMANTAN SELATAN,4859103,4053944
Feb 2021,KALIMANTAN TENGAH,1752938,3334552
Feb 2021,KALIMANTAN TIMUR,2747237,5094241
Feb 2021,KALIMANTAN UTARA,314740,466957
Feb 2021,KEPULAUAN BABEL,1502584,1646341
Feb 2021,KEPULAUAN RIAU,5556901,2755528
Feb 2021,LAMPUNG,4960100,5320965
Feb 2021,MALUKU,64880,687133
Feb 2021,MALUKU UTARA,1709,371466
Feb 2021,NTB,2305187,3432934
Feb 2021,NTT,2028001,1287037
Feb 2021,NUSA TENGGARA BARAT,2304980,3432484
Feb 2021,NUSA TENGGARA TIMUR,2028201,1287097
Feb 2021,PAPUA,428107,1771472
Feb 2021,PAPUA BARAT,46642,129058
Feb 2021,RIAU,9959383,6922400
Feb 2021,SULAWESI BARAT,100753,472194
Feb 2021,SULAWESI SELATAN,4999887,5617440
Feb 2021,SULAWESI TENGAH,254511,1208606
Feb 2021,SULAWESI TENGGARA,100753,813156
Feb 2021,SULAWESI UTARA,383668,1507701
Feb 2021,SUMATERA BARAT,3565736,5675854
Feb 2021,SUMATERA SELATAN,5285007,6649465
Feb 2021,SUMATERA UTARA,9511932,10643238
Mar 2021,ACEH,2562708,3685287
Mar 2021,BALI,4883222,4820036
Mar 2021,BANTEN,15591763,12595031
Mar 2021,BENGKULU,529186,1255619
Mar 2021,DI YOGYAKARTA,4011217,5919403
Mar 2021,DKI JAKARTA,1774154,17422844
Mar 2021,GORONTALO,103290,489027
Mar 2021,JAMBI,1933670,2943292
Mar 2021,JAWA BARAT,61985413,48690301
Mar 2021,JAWA TENGAH,55197774,30002762
Mar 2021,JAWA TIMUR,35014100,41242482
Mar 2021,KALIMANTAN BARAT,4530988,3502256
Mar 2021,KALIMANTAN SELATAN,5049097,4013319
Mar 2021,KALIMANTAN TENGAH,1821479,3301136
Mar 2021,KALIMANTAN TIMUR,2854656,5043192
Mar 2021,KALIMANTAN UTARA,327046,462278
Mar 2021,KEPULAUAN BABEL,1561336,1629843
Mar 2021,KEPULAUAN RIAU,5774179,2727914
Mar 2021,LAMPUNG,5154042,5267643
Mar 2021,MALUKU,67417,680248
Mar 2021,MALUKU UTARA,1776,367743
Mar 2021,NTB,2395321,3398533
Mar 2021,NTT,2107297,1274139
Mar 2021,NUSA TENGGARA BARAT,2395106,3398087
Mar 2021,NUSA TENGGARA TIMUR,2107505,1274199
Mar 2021,PAPUA,444846,1753720
Mar 2021,PAPUA BARAT,48466,127764
Mar 2021,RIAU,10348800,6853031
Mar 2021,SULAWESI BARAT,104692,467462
Mar 2021,SULAWESI SELATAN,5195385,5561148
Mar 2021,SULAWESI TENGAH,264462,1196495
Mar 2021,SULAWESI TENGGARA,104692,805007
Mar 2021,SULAWESI UTARA,398670,1492592
Mar 2021,SUMATERA BARAT,3705158,5618977
Mar 2021,SUMATERA SELATAN,5491653,6582830
Mar 2021,SUMATERA UTARA,9883853,10536582
Apr 2021,ACEH,2764941,3985338
Apr 2021,BALI,5268575,5212477
Apr 2021,BANTEN,16822168,13620502
Apr 2021,BENGKULU,570946,1357850
Apr 2021,DI YOGYAKARTA,4327757,6401352
Apr 2021,DKI JAKARTA,1914159,18841389
Apr 2021,GORONTALO,111441,528843
Apr 2021,JAMBI,2086263,3182931
Apr 2021,JAWA BARAT,66876917,52654599
Apr 2021,JAWA TENGAH,59553640,32445546
Apr 2021,JAWA TIMUR,37777195,44600390
Apr 2021,KALIMANTAN BARAT,4888546,3787405
Apr 2021,KALIMANTAN SELATAN,5447540,4340078
Apr 2021,KALIMANTAN TENGAH,1965219,3569910
Apr 2021,KALIMANTAN TIMUR,3079928,5453802
Apr 2021,KALIMANTAN UTARA,352855,499916
Apr 2021,KEPULAUAN BABEL,1684547,1762543
Apr 2021,KEPULAUAN RIAU,6229841,2950018
Apr 2021,LAMPUNG,5560767,5696528
Apr 2021,MALUKU,72737,735633
Apr 2021,MALUKU UTARA,1916,397685
Apr 2021,NTB,2584345,3675237
Apr 2021,NTT,2273592,1377878
Apr 2021,NUSA TENGGARA BARAT,2584113,3674755
Apr 2021,NUSA TENGGARA TIMUR,2273816,1377942
Apr 2021,PAPUA,479951,1896506
Apr 2021,PAPUA BARAT,52291,138167
Apr 2021,RIAU,11165463,7410995
Apr 2021,SULAWESI BARAT,112954,505523
Apr 2021,SULAWESI SELATAN,5605373,6013929
Apr 2021,SULAWESI TENGAH,285332,1293912
Apr 2021,SULAWESI TENGGARA,112954,870550
Apr 2021,SULAWESI UTARA,430131,1614117
Apr 2021,SUMATERA BARAT,3997547,6076466
Apr 2021,SUMATERA SELATAN,5925020,7118795
Apr 2021,SUMATERA UTARA,10663825,11394456
May 2021,ACEH,3042726,3602507
May 2021,BALI,5797894,4711767
May 2021,BANTEN,18512245,12312118
May 2021,BENGKULU,628307,1227415
May 2021,DI YOGYAKARTA,4762554,5786439
May 2021,DKI JAKARTA,2106469,17031488
May 2021,GORONTALO,122637,478042
May 2021,JAMBI,2295865,2877179
May 2021,JAWA BARAT,73595853,47596607
May 2021,JAWA TENGAH,65536826,29328832
May 2021,JAWA TIMUR,41572564,40316083
May 2021,KALIMANTAN BARAT,5379684,3423588
May 2021,KALIMANTAN SELATAN,5994839,3923171
May 2021,KALIMANTAN TENGAH,2162659,3226985
May 2021,KALIMANTAN TIMUR,3389359,4929910
May 2021,KALIMANTAN UTARA,388305,451894
May 2021,KEPULAUAN BABEL,1853789,1593233
May 2021,KEPULAUAN RIAU,6855736,2666639
May 2021,LAMPUNG,6119442,5149320
May 2021,MALUKU,80045,664968
May 2021,MALUKU UTARA,2109,359483
May 2021,NTB,2843987,3322194
May 2021,NTT,2502013,1245519
May 2021,NUSA TENGGARA BARAT,2843732,3321758
May 2021,NUSA TENGGARA TIMUR,2502260,1245577
May 2021,PAPUA,528170,1714328
May 2021,PAPUA BARAT,57544,124894
May 2021,RIAU,12287226,6699096
May 2021,SULAWESI BARAT,124302,456962
May 2021,SULAWESI SELATAN,6168529,5436232
May 2021,SULAWESI TENGAH,313999,1169619
May 2021,SULAWESI TENGGARA,124302,786925
May 2021,SULAWESI UTARA,473345,1459065
May 2021,SUMATERA BARAT,4399169,5492762
May 2021,SUMATERA SELATAN,6520290,6434965
May 2021,SUMATERA UTARA,11735190,10299906
Jun 2021,ACEH,2359530,2434234
Jun 2021,BALI,4496068,3183768
Jun 2021,BANTEN,14355611,8319369
Jun 2021,BENGKULU,487231,829371
Jun 2021,DI YOGYAKARTA,3693198,3909930
Jun 2021,DKI JAKARTA,1633494,11508274
Jun 2021,GORONTALO,95101,323016
Jun 2021,JAMBI,1780364,1944126
Jun 2021,JAWA BARAT,57071059,32161299
Jun 2021,JAWA TENGAH,50821561,19817659
Jun 2021,JAWA TIMUR,32238097,27241808
Jun 2021,KALIMANTAN BARAT,4171761,2313338
Jun 2021,KALIMANTAN SELATAN,4648792,2650909
Jun 2021,KALIMANTAN TENGAH,1677067,2180492
Jun 2021,KALIMANTAN TIMUR,2628332,3331168
Jun 2021,KALIMANTAN UTARA,301117,305347
Jun 2021,KEPULAUAN BABEL,1437549,1076557
Jun 2021,KEPULAUAN RIAU,5316388,1801863
Jun 2021,LAMPUNG,4745417,3479425
Jun 2021,MALUKU,62072,449322
Jun 2021,MALUKU UTARA,1635,242905
Jun 2021,NTB,2205414,2244825
Jun 2021,NTT,1940225,841604
Jun 2021,NUSA TENGGARA BARAT,2205216,2244531
Jun 2021,NUSA TENGGARA TIMUR,1940417,841644
Jun 2021,PAPUA,409577,1158381
Jun 2021,PAPUA BARAT,44623,84392
Jun 2021,RIAU,9528322,4526618
Jun 2021,SULAWESI BARAT,96392,308772
Jun 2021,SULAWESI SELATAN,4783482,3673293
Jun 2021,SULAWESI TENGAH,243495,790318
Jun 2021,SULAWESI TENGGARA,96392,531730
Jun 2021,SULAWESI UTARA,367062,985899
Jun 2021,SUMATERA BARAT,3411404,3711490
Jun 2021,SUMATERA SELATAN,5056261,4348143
Jun 2021,SUMATERA UTARA,9100237,6959706
Jul 2021,ACEH,2325430,3424784
Jul 2021,BALI,4431092,4479321
Jul 2021,BANTEN,14148145,11704722
Jul 2021,BENGKULU,480189,1166863
Jul 2021,DI YOGYAKARTA,3639824,5500976
Jul 2021,DKI JAKARTA,1609887,16191270
Jul 2021,GORONTALO,93727,454459
Jul 2021,JAMBI,1754635,2735239
Jul 2021,JAWA BARAT,56246277,45248513
Jul 2021,JAWA TENGAH,50087095,27881946
Jul 2021,JAWA TIMUR,31772197,38327161
Jul 2021,KALIMANTAN BARAT,4111471,3254691
Jul 2021,KALIMANTAN SELATAN,4581608,3729628
Jul 2021,KALIMANTAN TENGAH,1652831,3067788
Jul 2021,KALIMANTAN TIMUR,2590347,4686702
Jul 2021,KALIMANTAN UTARA,296765,429600
Jul 2021,KEPULAUAN BABEL,1416774,1514634
Jul 2021,KEPULAUAN RIAU,5239556,2535085
Jul 2021,LAMPUNG,4676837,4895288
Jul 2021,MALUKU,61175,632163
Jul 2021,MALUKU UTARA,1611,341749
Jul 2021,NTB,2173542,3158299
Jul 2021,NTT,1912186,1184074
Jul 2021,NUSA TENGGARA BARAT,2173347,3157885
Jul 2021,NUSA TENGGARA TIMUR,1912374,1184129
Jul 2021,PAPUA,403658,1629754
Jul 2021,PAPUA BARAT,43978,118733
Jul 2021,RIAU,9390620,6368608
Jul 2021,SULAWESI BARAT,94999,434419
Jul 2021,SULAWESI SELATAN,4714352,5168045
Jul 2021,SULAWESI TENGAH,239976,1111918
Jul 2021,SULAWESI TENGGARA,94999,748103
Jul 2021,SULAWESI UTARA,361758,1387085
Jul 2021,SUMATERA BARAT,3362103,5221786
Jul 2021,SUMATERA SELATAN,4983189,6117507
Jul 2021,SUMATERA UTARA,8968722,9791779
Aug 2021,ACEH,2962649,3062131
Aug 2021,BALI,5645307,4005002
Aug 2021,BANTEN,18025045,10465301
Aug 2021,BENGKULU,611772,1043303
Aug 2021,DI YOGYAKARTA,4637215,4918473
Aug 2021,DKI JAKARTA,2051032,14476765
Aug 2021,GORONTALO,119410,406336
Aug 2021,JAMBI,2235443,2445602
Aug 2021,JAWA BARAT,71658979,40457116
Aug 2021,JAWA TENGAH,63812048,24929507
Aug 2021,JAWA TIMUR,40478470,34268671
Aug 2021,KALIMANTAN BARAT,5238103,2910049
Aug 2021,KALIMANTAN SELATAN,5837069,3334695
Aug 2021,KALIMANTAN TENGAH,2105742,2742937
Aug 2021,KALIMANTAN TIMUR,3300159,4190424
Aug 2021,KALIMANTAN UTARA,378086,384110
Aug 2021,KEPULAUAN BABEL,1805001,1354248
Aug 2021,KEPULAUAN RIAU,6675309,2266643
Aug 2021,LAMPUNG,5958392,4376922
Aug 2021,MALUKU,77938,565222
Aug 2021,MALUKU UTARA,2053,305560
Aug 2021,NTB,2769140,2823865
Aug 2021,NTT,2436166,1058691
Aug 2021,NUSA TENGGARA BARAT,2768891,2823495
Aug 2021,NUSA TENGGARA TIMUR,2436406,1058741
Aug 2021,PAPUA,514270,1457178
Aug 2021,PAPUA BARAT,56030,106160
Aug 2021,RIAU,11963854,5694232
Aug 2021,SULAWESI BARAT,121031,388418
Aug 2021,SULAWESI SELATAN,6006187,4620797
Aug 2021,SULAWESI TENGAH,305735,994176
Aug 2021,SULAWESI TENGGARA,121031,668886
Aug 2021,SULAWESI UTARA,460887,1240205
Aug 2021,SUMATERA BARAT,4283393,4668847
Aug 2021,SUMATERA SELATAN,6348691,5469720
Aug 2021,SUMATERA UTARA,11426347,8754920
Sep 2021,ACEH,2692105,3722591
Sep 2021,BALI,5129788,4868827
Sep 2021,BANTEN,16379031,12722524
Sep 2021,BENGKULU,555906,1268329
Sep 2021,DI YOGYAKARTA,4213753,5979321
Sep 2021,DKI JAKARTA,1863735,17599206
Sep 2021,GORONTALO,108506,493977
Sep 2021,JAMBI,2031306,2973086
Sep 2021,JAWA BARAT,65115215,49183167
Sep 2021,JAWA TENGAH,57984851,30306463
Sep 2021,JAWA TIMUR,36782051,41659958
Sep 2021,KALIMANTAN BARAT,4759770,3537708
Sep 2021,KALIMANTAN SELATAN,5304039,4053944
Sep 2021,KALIMANTAN TENGAH,1913450,3334552
Sep 2021,KALIMANTAN TIMUR,2998795,5094241
Sep 2021,KALIMANTAN UTARA,343560,466957
Sep 2021,KEPULAUAN BABEL,1640172,1646341
Sep 2021,KEPULAUAN RIAU,6065732,2755528
Sep 2021,LAMPUNG,5414283,5320965
Sep 2021,MALUKU,70821,687133
Sep 2021,MALUKU UTARA,1866,371466
Sep 2021,NTB,2516267,3432934
Sep 2021,NTT,2213700,1287037
Sep 2021,NUSA TENGGARA BARAT,2516041,3432484
Sep 2021,NUSA TENGGARA TIMUR,2213918,1287097
Sep 2021,PAPUA,467307,1771472
Sep 2021,PAPUA BARAT,50913,129058
Sep 2021,RIAU,10871337,6922400
Sep 2021,SULAWESI BARAT,109979,472194
Sep 2021,SULAWESI SELATAN,5457713,5617440
Sep 2021,SULAWESI TENGAH,277816,1208606
Sep 2021,SULAWESI TENGGARA,109979,813156
Sep 2021,SULAWESI UTARA,418800,1507701
Sep 2021,SUMATERA BARAT,3892241,5675854
Sep 2021,SUMATERA SELATAN,5768941,6649465
Sep 2021,SUMATERA UTARA,10382914,10643238
Oct 2021,ACEH,2872081,3602507
Oct 2021,BALI,5472732,4711767
Oct 2021,BANTEN,17474024,12312118
Oct 2021,BENGKULU,593070,1227415
Oct 2021,DI YOGYAKARTA,4495457,5786439
Oct 2021,DKI JAKARTA,1988332,17031488
Oct 2021,GORONTALO,115760,478042
Oct 2021,JAMBI,2167106,2877179
Oct 2021,JAWA BARAT,69468384,47596607
Oct 2021,JAWA TENGAH,61861332,29328832
Oct 2021,JAWA TIMUR,39241054,40316083
Oct 2021,KALIMANTAN BARAT,5077976,3423588
Oct 2021,KALIMANTAN SELATAN,5658631,3923171
Oct 2021,KALIMANTAN TENGAH,2041370,3226985
Oct 2021,KALIMANTAN TIMUR,3199274,4929910
Oct 2021,KALIMANTAN UTARA,366528,451894
Oct 2021,KEPULAUAN BABEL,1749823,1593233
Oct 2021,KEPULAUAN RIAU,6471246,2666639
Oct 2021,LAMPUNG,5776246,5149320
Oct 2021,MALUKU,75556,664968
Oct 2021,MALUKU UTARA,1990,359483
Oct 2021,NTB,2684488,3322194
Oct 2021,NTT,2361693,1245519
Oct 2021,NUSA TENGGARA BARAT,2684247,3321758
Oct 2021,NUSA TENGGARA TIMUR,2361926,1245577
Oct 2021,PAPUA,498549,1714328
Oct 2021,PAPUA BARAT,54317,124894
Oct 2021,RIAU,11598123,6699096
Oct 2021,SULAWESI BARAT,117331,456962
Oct 2021,SULAWESI SELATAN,5822580,5436232
Oct 2021,SULAWESI TENGAH,296389,1169619
Oct 2021,SULAWESI TENGGARA,117331,786925
Oct 2021,SULAWESI UTARA,446798,1459065
Oct 2021,SUMATERA BARAT,4152451,5492762
Oct 2021,SUMATERA SELATAN,6154614,6434965
Oct 2021,SUMATERA UTARA,11077047,10299906
Nov 2021,ACEH,2830567,3754392
Nov 2021,BALI,5393626,4910420
Nov 2021,BANTEN,17221447,12831209
Nov 2021,BENGKULU,584498,1279164
Nov 2021,DI YOGYAKARTA,4430477,6030401
Nov 2021,DKI JAKARTA,1959592,17749552
Nov 2021,GORONTALO,114086,498197
Nov 2021,JAMBI,2135781,2998484
Nov 2021,JAWA BARAT,68464256,49603326
Nov 2021,JAWA TENGAH,60967160,30565364
Nov 2021,JAWA TIMUR,38673846,42015849
Nov 2021,KALIMANTAN BARAT,5004577,3567929
Nov 2021,KALIMANTAN SELATAN,5576839,4088576
Nov 2021,KALIMANTAN TENGAH,2011864,3363038
Nov 2021,KALIMANTAN TIMUR,3153030,5137760
Nov 2021,KALIMANTAN UTARA,361230,470946
Nov 2021,KEPULAUAN BABEL,1724530,1660406
Nov 2021,KEPULAUAN RIAU,6377708,2779067
Nov 2021,LAMPUNG,5692754,5366421
Nov 2021,MALUKU,74464,693003
Nov 2021,MALUKU UTARA,1962,374639
Nov 2021,NTB,2645685,3462261
Nov 2021,NTT,2327556,1298032
Nov 2021,NUSA TENGGARA BARAT,2645448,3461807
Nov 2021,NUSA TENGGARA TIMUR,2327786,1298092
Nov 2021,PAPUA,491342,1786605
Nov 2021,PAPUA BARAT,53532,130160
Nov 2021,RIAU,11430478,6981537
Nov 2021,SULAWESI BARAT,115635,476228
Nov 2021,SULAWESI SELATAN,5738417,5665429
Nov 2021,SULAWESI TENGAH,292104,1218931
Nov 2021,SULAWESI TENGGARA,115635,820103
Nov 2021,SULAWESI UTARA,440340,1520581
Nov 2021,SUMATERA BARAT,4092429,5724342
Nov 2021,SUMATERA SELATAN,6065652,6706269
Nov 2021,SUMATERA UTARA,10916934,10734161
Dec 2021,ACEH,2064810,3085599
Dec 2021,BALI,3934482,4035697
Dec 2021,BANTEN,12562506,10545507
Dec 2021,BENGKULU,426373,1051299
Dec 2021,DI YOGYAKARTA,3231894,4956169
Dec 2021,DKI JAKARTA,1429461,14587716
Dec 2021,GORONTALO,83222,409450
Dec 2021,JAMBI,1557986,2464346
Dec 2021,JAWA BARAT,49942532,40767182
Dec 2021,JAWA TENGAH,44473635,25120569
Dec 2021,JAWA TIMUR,28211360,34531309
Dec 2021,KALIMANTAN BARAT,3650682,2932352
Dec 2021,KALIMANTAN SELATAN,4068129,3360253
Dec 2021,KALIMANTAN TENGAH,1467591,2763960
Dec 2021,KALIMANTAN TIMUR,2300037,4222539
Dec 2021,KALIMANTAN UTARA,263506,387054
Dec 2021,KEPULAUAN BABEL,1257991,1364627
Dec 2021,KEPULAUAN RIAU,4652338,2284015
Dec 2021,LAMPUNG,4152685,4410467
Dec 2021,MALUKU,54319,569554
Dec 2021,MALUKU UTARA,1431,307902
Dec 2021,NTB,1929944,2845507
Dec 2021,NTT,1697879,1066805
Dec 2021,NUSA TENGGARA BARAT,1929771,2845134
Dec 2021,NUSA TENGGARA TIMUR,1698047,1066855
Dec 2021,PAPUA,358419,1468346
Dec 2021,PAPUA BARAT,39050,106974
Dec 2021,RIAU,8338176,5737873
Dec 2021,SULAWESI BARAT,84352,391395
Dec 2021,SULAWESI SELATAN,4185996,4656211
Dec 2021,SULAWESI TENGAH,213081,1001795
Dec 2021,SULAWESI TENGGARA,84352,674013
Dec 2021,SULAWESI UTARA,321214,1249710
Dec 2021,SUMATERA BARAT,2985299,4704630
Dec 2021,SUMATERA SELATAN,4424703,5511641
Dec 2021,SUMATERA UTARA,7963562,8822019
Jan 2022,ACEH,2590309,3074072
Jan 2022,BALI,4935817,4020620
Jan 2022,BANTEN,15759695,10506110
Jan 2022,BENGKULU,534886,1047371
Jan 2022,DI YOGYAKARTA,4054420,4937653
Jan 2022,DKI JAKARTA,1793262,14533216
Jan 2022,GORONTALO,104403,407920
Jan 2022,JAMBI,1954497,2455139
Jan 2022,JAWA BARAT,62653031,40614877
Jan 2022,JAWA TENGAH,55792285,25026719
Jan 2022,JAWA TIMUR,35391221,34402300
Jan 2022,KALIMANTAN BARAT,4579790,2921397
Jan 2022,KALIMANTAN SELATAN,5103478,3347699
Jan 2022,KALIMANTAN TENGAH,1841097,2753633
Jan 2022,KALIMANTAN TIMUR,2885402,4206764
Jan 2022,KALIMANTAN UTARA,330569,385607
Jan 2022,KEPULAUAN BABEL,1578152,1359529
Jan 2022,KEPULAUAN RIAU,5836370,2275482
Jan 2022,LAMPUNG,5209554,4393990
Jan 2022,MALUKU,68143,567427
Jan 2022,MALUKU UTARA,1795,306752
Jan 2022,NTB,2421120,2834876
Jan 2022,NTT,2129994,1062820
Jan 2022,NUSA TENGGARA BARAT,2420903,2834505
Jan 2022,NUSA TENGGARA TIMUR,2130204,1062869
Jan 2022,PAPUA,449637,1462861
Jan 2022,PAPUA BARAT,48988,106574
Jan 2022,RIAU,10460262,5716436
Jan 2022,SULAWESI BARAT,105820,389932
Jan 2022,SULAWESI SELATAN,5251342,4638815
Jan 2022,SULAWESI TENGAH,267311,998053
Jan 2022,SULAWESI TENGGARA,105820,671494
Jan 2022,SULAWESI UTARA,402964,1245042
Jan 2022,SUMATERA BARAT,3745065,4687053
Jan 2022,SUMATERA SELATAN,5550801,5491049
Jan 2022,SUMATERA UTARA,9990308,8789060
Feb 2022,ACEH,3359192,3646618
Feb 2022,BALI,6400918,4769460
Feb 2022,BANTEN,20437654,12462873
Feb 2022,BENGKULU,693656,1242444
Feb 2022,DI YOGYAKARTA,5257895,5857291
Feb 2022,DKI JAKARTA,2325557,17240028
Feb 2022,GORONTALO,135393,483896
Feb 2022,JAMBI,2534651,2912409
Feb 2022,JAWA BARAT,81250364,48179398
Feb 2022,JAWA TENGAH,72353139,29687945
Feb 2022,JAWA TIMUR,45896417,40809728
Feb 2022,KALIMANTAN BARAT,5939211,3465507
Feb 2022,KALIMANTAN SELATAN,6618347,3971208
Feb 2022,KALIMANTAN TENGAH,2387591,3266498
Feb 2022,KALIMANTAN TIMUR,3741878,4990274
Feb 2022,KALIMANTAN UTARA,428692,457427
Feb 2022,KEPULAUAN BABEL,2046596,1612741
Feb 2022,KEPULAUAN RIAU,7568783,2699291
Feb 2022,LAMPUNG,6755909,5212370
Feb 2022,MALUKU,88370,673110
Feb 2022,MALUKU UTARA,2328,363885
Feb 2022,NTB,3139782,3362872
Feb 2022,NTT,2762241,1260770
Feb 2022,NUSA TENGGARA BARAT,3139501,3362431
Feb 2022,NUSA TENGGARA TIMUR,2762514,1260829
Feb 2022,PAPUA,583103,1735319
Feb 2022,PAPUA BARAT,63529,126424
Feb 2022,RIAU,13565188,6781123
Feb 2022,SULAWESI BARAT,137231,462557
Feb 2022,SULAWESI SELATAN,6810101,5502795
Feb 2022,SULAWESI TENGAH,346657,1183940
Feb 2022,SULAWESI TENGGARA,137231,796560
Feb 2022,SULAWESI UTARA,522576,1476931
Feb 2022,SUMATERA BARAT,4856715,5560017
Feb 2022,SUMATERA SELATAN,7198449,6513757
Feb 2022,SUMATERA UTARA,12955736,10426022
Mar 2022,ACEH,3655089,4848799
Mar 2022,BALI,6964747,6341810
Mar 2022,BANTEN,22237917,16571512
Mar 2022,BENGKULU,754757,1652042
Mar 2022,DI YOGYAKARTA,5721040,7788266
Mar 2022,DKI JAKARTA,2530405,22923554
Mar 2022,GORONTALO,147319,643422
Mar 2022,JAMBI,2757918,3872543
Mar 2022,JAWA BARAT,88407347,64062716
Mar 2022,JAWA TENGAH,78726406,39475180
Mar 2022,JAWA TIMUR,49939228,54263485
Mar 2022,KALIMANTAN BARAT,6462370,4607982
Mar 2022,KALIMANTAN SELATAN,7201328,5280397
Mar 2022,KALIMANTAN TENGAH,2597903,4343365
Mar 2022,KALIMANTAN TIMUR,4071483,6635419
Mar 2022,KALIMANTAN UTARA,466453,608227
Mar 2022,KEPULAUAN BABEL,2226872,2144415
Mar 2022,KEPULAUAN RIAU,8235483,3589167
Mar 2022,LAMPUNG,7351007,6930735
Mar 2022,MALUKU,96154,895014
Mar 2022,MALUKU UTARA,2533,483847
Mar 2022,NTB,3416352,4471511
Mar 2022,NTT,3005555,1676409
Mar 2022,NUSA TENGGARA BARAT,3416046,4470925
Mar 2022,NUSA TENGGARA TIMUR,3005851,1676487
Mar 2022,PAPUA,634467,2307402
Mar 2022,PAPUA BARAT,69125,168102
Mar 2022,RIAU,14760085,9016658
Mar 2022,SULAWESI BARAT,149319,615049
Mar 2022,SULAWESI SELATAN,7409973,7316903
Mar 2022,SULAWESI TENGAH,377192,1574250
Mar 2022,SULAWESI TENGGARA,149319,1059163
Mar 2022,SULAWESI UTARA,568608,1963831
Mar 2022,SUMATERA BARAT,5284521,7392990
Mar 2022,SUMATERA SELATAN,7832528,8661150
Mar 2022,SUMATERA UTARA,14096950,13863173
Apr 2022,ACEH,3545295,3846981
Apr 2022,BALI,6755535,5031518
Apr 2022,BANTEN,21569919,13147646
Apr 2022,BENGKULU,732085,1310711
Apr 2022,DI YOGYAKARTA,5549188,6179120
Apr 2022,DKI JAKARTA,2454395,18187282
Apr 2022,GORONTALO,142894,510483
Apr 2022,JAMBI,2675074,3072431
Apr 2022,JAWA BARAT,85751708,50826617
Apr 2022,JAWA TENGAH,76361570,31319151
Apr 2022,JAWA TIMUR,48439120,43052021
Apr 2022,KALIMANTAN BARAT,6268249,3655920
Apr 2022,KALIMANTAN SELATAN,6985009,4189406
Apr 2022,KALIMANTAN TENGAH,2519866,3445976
Apr 2022,KALIMANTAN TIMUR,3949181,5264465
Apr 2022,KALIMANTAN UTARA,452441,482560
Apr 2022,KEPULAUAN BABEL,2159980,1701354
Apr 2022,KEPULAUAN RIAU,7988100,2847603
Apr 2022,LAMPUNG,7130193,5498764
Apr 2022,MALUKU,93266,710094
Apr 2022,MALUKU UTARA,2457,383878
Apr 2022,NTB,3313729,3547645
Apr 2022,NTT,2915272,1330043
Apr 2022,NUSA TENGGARA BARAT,3313432,3547180
Apr 2022,NUSA TENGGARA TIMUR,2915559,1330105
Apr 2022,PAPUA,615408,1830666
Apr 2022,PAPUA BARAT,67049,133370
Apr 2022,RIAU,14316712,7153712
Apr 2022,SULAWESI BARAT,144833,487973
Apr 2022,SULAWESI SELATAN,7187387,5805146
Apr 2022,SULAWESI TENGAH,365862,1248992
Apr 2022,SULAWESI TENGGARA,144833,840328
Apr 2022,SULAWESI UTARA,551527,1558081
Apr 2022,SUMATERA BARAT,5125781,5865513
Apr 2022,SUMATERA SELATAN,7597249,6871656
Apr 2022,SUMATERA UTARA,13673496,10998881
May 2022,ACEH,3231653,3293648
May 2022,BALI,6157892,4307807
May 2022,BANTEN,19661690,11256546
May 2022,BENGKULU,667320,1122184
May 2022,DI YOGYAKARTA,5058267,5290342
May 2022,DKI JAKARTA,2237262,15571303
May 2022,GORONTALO,130252,437058
May 2022,JAMBI,2438417,2630506
May 2022,JAWA BARAT,78165500,43515939
May 2022,JAWA TENGAH,69606080,26814341
May 2022,JAWA TIMUR,44153850,36859607
May 2022,KALIMANTAN BARAT,5713715,3130068
May 2022,KALIMANTAN SELATAN,6367065,3586820
May 2022,KALIMANTAN TENGAH,2296940,2950322
May 2022,KALIMANTAN TIMUR,3599808,4507247
May 2022,KALIMANTAN UTARA,412415,413151
May 2022,KEPULAUAN BABEL,1968893,1456638
May 2022,KEPULAUAN RIAU,7281416,2438016
May 2022,LAMPUNG,6499405,4707846
May 2022,MALUKU,85015,607957
May 2022,MALUKU UTARA,2240,328663
May 2022,NTB,3020573,3037367
May 2022,NTT,2657366,1138735
May 2022,NUSA TENGGARA BARAT,3020302,3036969
May 2022,NUSA TENGGARA TIMUR,2657628,1138788
May 2022,PAPUA,560965,1567351
May 2022,PAPUA BARAT,61117,114187
May 2022,RIAU,13050153,6124753
May 2022,SULAWESI BARAT,132020,417785
May 2022,SULAWESI SELATAN,6551539,4970159
May 2022,SULAWESI TENGAH,333495,1069342
May 2022,SULAWESI TENGGARA,132020,719458
May 2022,SULAWESI UTARA,502735,1333973
May 2022,SUMATERA BARAT,4672318,5021843
May 2022,SUMATERA SELATAN,6925142,5883267
May 2022,SUMATERA UTARA,12463841,9416850
Jun 2022,ACEH,2886257,3649043
Jun 2022,BALI,5499743,4772633
Jun 2022,BANTEN,17560270,12471164
Jun 2022,BENGKULU,595997,1243271
Jun 2022,DI YOGYAKARTA,4517645,5861187
Jun 2022,DKI JAKARTA,1998146,17251497
Jun 2022,GORONTALO,116331,484218
Jun 2022,JAMBI,2177802,2914346
Jun 2022,JAWA BARAT,69811256,48211450
Jun 2022,JAWA TENGAH,62166658,29707695
Jun 2022,JAWA TIMUR,39434734,40836878
Jun 2022,KALIMANTAN BARAT,5103039,3467813
Jun 2022,KALIMANTAN SELATAN,5686560,3973850
Jun 2022,KALIMANTAN TENGAH,2051446,3268671
Jun 2022,KALIMANTAN TIMUR,3215065,4993594
Jun 2022,KALIMANTAN UTARA,368337,457731
Jun 2022,KEPULAUAN BABEL,1758459,1613814
Jun 2022,KEPULAUAN RIAU,6503186,2701086
Jun 2022,LAMPUNG,5804756,5215838
Jun 2022,MALUKU,75929,673558
Jun 2022,MALUKU UTARA,2000,364127
Jun 2022,NTB,2697738,3365109
Jun 2022,NTT,2373350,1261609
Jun 2022,NUSA TENGGARA BARAT,2697496,3364668
Jun 2022,NUSA TENGGARA TIMUR,2373584,1261667
Jun 2022,PAPUA,501009,1736473
Jun 2022,PAPUA BARAT,54585,126508
Jun 2022,RIAU,11655367,6785634
Jun 2022,SULAWESI BARAT,117910,462865
Jun 2022,SULAWESI SELATAN,5851318,5506456
Jun 2022,SULAWESI TENGAH,297851,1184728
Jun 2022,SULAWESI TENGGARA,117910,797090
Jun 2022,SULAWESI UTARA,449003,1477913
Jun 2022,SUMATERA BARAT,4172946,5563716
Jun 2022,SUMATERA SELATAN,6184991,6518091
Jun 2022,SUMATERA UTARA,11131719,10432958
Jul 2022,ACEH,3033921,3403436
Jul 2022,BALI,5781115,4451400
Jul 2022,BANTEN,18458669,11631764
Jul 2022,BENGKULU,626489,1159590
Jul 2022,DI YOGYAKARTA,4748771,5466687
Jul 2022,DKI JAKARTA,2100373,16090347
Jul 2022,GORONTALO,122283,451626
Jul 2022,JAMBI,2289220,2718189
Jul 2022,JAWA BARAT,73382864,44966471
Jul 2022,JAWA TENGAH,65347161,27708153
Jul 2022,JAWA TIMUR,41452251,38088261
Jul 2022,KALIMANTAN BARAT,5364115,3234404
Jul 2022,KALIMANTAN SELATAN,5977490,3706381
Jul 2022,KALIMANTAN TENGAH,2156400,3048666
Jul 2022,KALIMANTAN TIMUR,3379550,4657489
Jul 2022,KALIMANTAN UTARA,387181,426923
Jul 2022,KEPULAUAN BABEL,1848424,1505193
Jul 2022,KEPULAUAN RIAU,6835895,2519284
Jul 2022,LAMPUNG,6101732,4864774
Jul 2022,MALUKU,79813,628222
Jul 2022,MALUKU UTARA,2103,339618
Jul 2022,NTB,2835756,3138613
Jul 2022,NTT,2494773,1176693
Jul 2022,NUSA TENGGARA BARAT,2835502,3138202
Jul 2022,NUSA TENGGARA TIMUR,2495018,1176748
Jul 2022,PAPUA,526641,1619596
Jul 2022,PAPUA BARAT,57378,117993
Jul 2022,RIAU,12251666,6328912
Jul 2022,SULAWESI BARAT,123943,431711
Jul 2022,SULAWESI SELATAN,6150677,5135831
Jul 2022,SULAWESI TENGAH,313090,1104987
Jul 2022,SULAWESI TENGGARA,123943,743440
Jul 2022,SULAWESI UTARA,471975,1378439
Jul 2022,SUMATERA BARAT,4386438,5189238
Jul 2022,SUMATERA SELATAN,6501420,6079376
Jul 2022,SUMATERA UTARA,11701228,9730745
Aug 2022,ACEH,3076997,3293648
Aug 2022,BALI,5863197,4307807
Aug 2022,BANTEN,18720750,11256546
Aug 2022,BENGKULU,635384,1122184
Aug 2022,DI YOGYAKARTA,4816196,5290342
Aug 2022,DKI JAKARTA,2130194,15571303
Aug 2022,GORONTALO,124019,437058
Aug 2022,JAMBI,2321723,2630506
Aug 2022,JAWA BARAT,74424771,43515939
Aug 2022,JAWA TENGAH,66274975,26814341
Aug 2022,JAWA TIMUR,42040800,36859607
Aug 2022,KALIMANTAN BARAT,5440276,3130068
Aug 2022,KALIMANTAN SELATAN,6062360,3586820
Aug 2022,KALIMANTAN TENGAH,2187017,2950322
Aug 2022,KALIMANTAN TIMUR,3427534,4507247
Aug 2022,KALIMANTAN UTARA,392678,413151
Aug 2022,KEPULAUAN BABEL,1874668,1456638
Aug 2022,KEPULAUAN RIAU,6932953,2438016
Aug 2022,LAMPUNG,6188366,4707846
Aug 2022,MALUKU,80946,607957
Aug 2022,MALUKU UTARA,2132,328663
Aug 2022,NTB,2876019,3037367
Aug 2022,NTT,2530194,1138735
Aug 2022,NUSA TENGGARA BARAT,2875761,3036969
Aug 2022,NUSA TENGGARA TIMUR,2530443,1138788
Aug 2022,PAPUA,534119,1567351
Aug 2022,PAPUA BARAT,58192,114187
Aug 2022,RIAU,12425618,6124753
Aug 2022,SULAWESI BARAT,125702,417785
Aug 2022,SULAWESI SELATAN,6238006,4970159
Aug 2022,SULAWESI TENGAH,317535,1069342
Aug 2022,SULAWESI TENGGARA,125702,719458
Aug 2022,SULAWESI UTARA,478676,1333973
Aug 2022,SUMATERA BARAT,4448717,5021843
Aug 2022,SUMATERA SELATAN,6593729,5883267
Aug 2022,SUMATERA UTARA,11867365,9416850
Sep 2022,ACEH,2868652,3403436
Sep 2022,BALI,5466197,4451400
Sep 2022,BANTEN,17453159,11631764
Sep 2022,BENGKULU,592362,1159590
Sep 2022,DI YOGYAKARTA,4490089,5466687
Sep 2022,DKI JAKARTA,1985958,16090347
Sep 2022,GORONTALO,115621,451626
Sep 2022,JAMBI,2164518,2718189
Sep 2022,JAWA BARAT,69385433,44966471
Sep 2022,JAWA TENGAH,61787464,27708153
Sep 2022,JAWA TIMUR,39194197,38088261
Sep 2022,KALIMANTAN BARAT,5071913,3234404
Sep 2022,KALIMANTAN SELATAN,5651874,3706381
Sep 2022,KALIMANTAN TENGAH,2038933,3048666
Sep 2022,KALIMANTAN TIMUR,3195454,4657489
Sep 2022,KALIMANTAN UTARA,366090,426923
Sep 2022,KEPULAUAN BABEL,1747733,1505193
Sep 2022,KEPULAUAN RIAU,6463519,2519284
Sep 2022,LAMPUNG,5769349,4864774
Sep 2022,MALUKU,75466,628222
Sep 2022,MALUKU UTARA,1988,339618
Sep 2022,NTB,2681282,3138613
Sep 2022,NTT,2358873,1176693
Sep 2022,NUSA TENGGARA BARAT,2681042,3138202
Sep 2022,NUSA TENGGARA TIMUR,2359106,1176748
Sep 2022,PAPUA,497953,1619596
Sep 2022,PAPUA BARAT,54252,117993
Sep 2022,RIAU,11584273,6328912
Sep 2022,SULAWESI BARAT,117191,431711
Sep 2022,SULAWESI SELATAN,5815627,5135831
Sep 2022,SULAWESI TENGAH,296035,1104987
Sep 2022,SULAWESI TENGGARA,117191,743440
Sep 2022,SULAWESI UTARA,446265,1378439
Sep 2022,SUMATERA BARAT,4147492,5189238
Sep 2022,SUMATERA SELATAN,6147265,6079376
Sep 2022,SUMATERA UTARA,11063820,9730745
Oct 2022,ACEH,2997640,3293648
Oct 2022,BALI,5711983,4307807
Oct 2022,BANTEN,18237936,11256546
Oct 2022,BENGKULU,618997,1122184
Oct 2022,DI YOGYAKARTA,4691984,5290342
Oct 2022,DKI JAKARTA,2075256,15571303
Oct 2022,GORONTALO,120820,437058
Oct 2022,JAMBI,2261845,2630506
Oct 2022,JAWA BARAT,72505332,43515939
Oct 2022,JAWA TENGAH,64565722,26814341
Oct 2022,JAWA TIMUR,40956554,36859607
Oct 2022,KALIMANTAN BARAT,5299970,3130068
Oct 2022,KALIMANTAN SELATAN,5906010,3586820
Oct 2022,KALIMANTAN TENGAH,2130613,2950322
Oct 2022,KALIMANTAN TIMUR,3339137,4507247
Oct 2022,KALIMANTAN UTARA,382551,413151
Oct 2022,KEPULAUAN BABEL,1826320,1456638
Oct 2022,KEPULAUAN RIAU,6754150,2438016
Oct 2022,LAMPUNG,6028766,4707846
Oct 2022,MALUKU,78859,607957
Oct 2022,MALUKU UTARA,2077,328663
Oct 2022,NTB,2801845,3037367
Oct 2022,NTT,2464939,1138735
Oct 2022,NUSA TENGGARA BARAT,2801594,3036969
Oct 2022,NUSA TENGGARA TIMUR,2465182,1138788
Oct 2022,PAPUA,520344,1567351
Oct 2022,PAPUA BARAT,56691,114187
Oct 2022,RIAU,12105157,6124753
Oct 2022,SULAWESI BARAT,122460,417785
Oct 2022,SULAWESI SELATAN,6077125,4970159
Oct 2022,SULAWESI TENGAH,309346,1069342
Oct 2022,SULAWESI TENGGARA,122460,719458
Oct 2022,SULAWESI UTARA,466331,1333973
Oct 2022,SUMATERA BARAT,4333983,5021843
Oct 2022,SUMATERA SELATAN,6423675,5883267
Oct 2022,SUMATERA UTARA,11561302,9416850
Nov 2022,ACEH,2888406,3752457
Nov 2022,BALI,5503839,4907889
Nov 2022,BANTEN,17573347,12824595
Nov 2022,BENGKULU,596441,1278505
Nov 2022,DI YOGYAKARTA,4521009,6027293
Nov 2022,DKI JAKARTA,1999634,17740402
Nov 2022,GORONTALO,116418,497940
Nov 2022,JAMBI,2179424,2996938
Nov 2022,JAWA BARAT,69863244,49577756
Nov 2022,JAWA TENGAH,62212953,30549608
Nov 2022,JAWA TIMUR,39464101,41994190
Nov 2022,KALIMANTAN BARAT,5106839,3566090
Nov 2022,KALIMANTAN SELATAN,5690795,4086468
Nov 2022,KALIMANTAN TENGAH,2052974,3361305
Nov 2022,KALIMANTAN TIMUR,3217459,5135112
Nov 2022,KALIMANTAN UTARA,368611,470703
Nov 2022,KEPULAUAN BABEL,1759769,1659550
Nov 2022,KEPULAUAN RIAU,6508029,2777635
Nov 2022,LAMPUNG,5809078,5363654
Nov 2022,MALUKU,75985,692646
Nov 2022,MALUKU UTARA,2002,374446
Nov 2022,NTB,2699746,3460476
Nov 2022,NTT,2375117,1297363
Nov 2022,NUSA TENGGARA BARAT,2699504,3460023
Nov 2022,NUSA TENGGARA TIMUR,2375351,1297423
Nov 2022,PAPUA,501382,1785684
Nov 2022,PAPUA BARAT,54626,130093
Nov 2022,RIAU,11664046,6977938
Nov 2022,SULAWESI BARAT,117998,475983
Nov 2022,SULAWESI SELATAN,5855675,5662508
Nov 2022,SULAWESI TENGAH,298073,1218303
Nov 2022,SULAWESI TENGGARA,117998,819680
Nov 2022,SULAWESI UTARA,449338,1519797
Nov 2022,SUMATERA BARAT,4176053,5721391
Nov 2022,SUMATERA SELATAN,6189597,6702812
Nov 2022,SUMATERA UTARA,11140009,10728627
Jan 2023,ACEH,2391149,3200826
Jan 2023,BALI,4556319,4186403
Jan 2023,BANTEN,14547986,10939311
Jan 2023,BENGKULU,493760,1090558
Jan 2023,DI YOGYAKARTA,3742689,5141248
Jan 2023,DKI JAKARTA,1655384,15132468
Jan 2023,GORONTALO,96375,424740
Jan 2023,JAMBI,1804222,2556372
Jan 2023,JAWA BARAT,57835851,42289561
Jan 2023,JAWA TENGAH,51502605,26058653
Jan 2023,JAWA TIMUR,32670110,35820820
Jan 2023,KALIMANTAN BARAT,4227665,3041856
Jan 2023,KALIMANTAN SELATAN,4711089,3485735
Jan 2023,KALIMANTAN TENGAH,1699541,2867175
Jan 2023,KALIMANTAN TIMUR,2663553,4380223
Jan 2023,KALIMANTAN UTARA,305152,401507
Jan 2023,KEPULAUAN BABEL,1456814,1415587
Jan 2023,KEPULAUAN RIAU,5387631,2369308
Jan 2023,LAMPUNG,4809009,4575168
Jan 2023,MALUKU,62904,590823
Jan 2023,MALUKU UTARA,1657,319400
Jan 2023,NTB,2234968,2951768
Jan 2023,NTT,1966226,1106643
Jan 2023,NUSA TENGGARA BARAT,2234768,2951381
Jan 2023,NUSA TENGGARA TIMUR,1966420,1106695
Jan 2023,PAPUA,415066,1523179
Jan 2023,PAPUA BARAT,45221,110969
Jan 2023,RIAU,9656008,5952144
Jan 2023,SULAWESI BARAT,97684,406011
Jan 2023,SULAWESI SELATAN,4847584,4830089
Jan 2023,SULAWESI TENGAH,246758,1039206
Jan 2023,SULAWESI TENGGARA,97684,699182
Jan 2023,SULAWESI UTARA,371981,1296379
Jan 2023,SUMATERA BARAT,3457120,4880316
Jan 2023,SUMATERA SELATAN,5124019,5717463
Jan 2023,SUMATERA UTARA,9222187,9151462
Feb 2023,ACEH,2295676,2891069
Feb 2023,BALI,4374396,3781268
Feb 2023,BANTEN,13967120,9880670
Feb 2023,BENGKULU,474045,985020
Feb 2023,DI YOGYAKARTA,3593253,4643709
Feb 2023,DKI JAKARTA,1589289,13668039
Feb 2023,GORONTALO,92527,383636
Feb 2023,JAMBI,1732184,2308982
Feb 2023,JAWA BARAT,55526607,38197033
Feb 2023,JAWA TENGAH,49446232,23536853
Feb 2023,JAWA TIMUR,31365672,32354297
Feb 2023,KALIMANTAN BARAT,4058865,2747483
Feb 2023,KALIMANTAN SELATAN,4522987,3148407
Feb 2023,KALIMANTAN TENGAH,1631683,2589707
Feb 2023,KALIMANTAN TIMUR,2557204,3956331
Feb 2023,KALIMANTAN UTARA,292968,362652
Feb 2023,KEPULAUAN BABEL,1398647,1278595
Feb 2023,KEPULAUAN RIAU,5172516,2140020
Feb 2023,LAMPUNG,4616997,4132411
Feb 2023,MALUKU,60392,533647
Feb 2023,MALUKU UTARA,1591,288491
Feb 2023,NTB,2145731,2666113
Feb 2023,NTT,1887719,999549
Feb 2023,NUSA TENGGARA BARAT,2145539,2665764
Feb 2023,NUSA TENGGARA TIMUR,1887905,999596
Feb 2023,PAPUA,398494,1375775
Feb 2023,PAPUA BARAT,43416,100230
Feb 2023,RIAU,9270467,5376131
Feb 2023,SULAWESI BARAT,93784,366719
Feb 2023,SULAWESI SELATAN,4654032,4362662
Feb 2023,SULAWESI TENGAH,236906,938638
Feb 2023,SULAWESI TENGGARA,93784,631520
Feb 2023,SULAWESI UTARA,357129,1170923
Feb 2023,SUMATERA BARAT,3319085,4408028
Feb 2023,SUMATERA SELATAN,4919429,5164161
Feb 2023,SUMATERA UTARA,8853967,8265838
Mar 2023,ACEH,2149017,3271046
Mar 2023,BALI,4094938,4278245
Mar 2023,BANTEN,13074833,11179300
Mar 2023,BENGKULU,443761,1114483
Mar 2023,DI YOGYAKARTA,3363698,5254038
Mar 2023,DKI JAKARTA,1487757,15464447
Mar 2023,GORONTALO,86616,434058
Mar 2023,JAMBI,1621524,2612454
Mar 2023,JAWA BARAT,51979298,43217318
Mar 2023,JAWA TENGAH,46287367,26630332
Mar 2023,JAWA TIMUR,29361881,36606664
Mar 2023,KALIMANTAN BARAT,3799565,3108589
Mar 2023,KALIMANTAN SELATAN,4234036,3562206
Mar 2023,KALIMANTAN TENGAH,1527443,2930075
Mar 2023,KALIMANTAN TIMUR,2393837,4476317
Mar 2023,KALIMANTAN UTARA,274252,410316
Mar 2023,KEPULAUAN BABEL,1309294,1446642
Mar 2023,KEPULAUAN RIAU,4842071,2421286
Mar 2023,LAMPUNG,4322041,4675539
Mar 2023,MALUKU,56534,603785
Mar 2023,MALUKU UTARA,1489,326407
Mar 2023,NTB,2008652,3016524
Mar 2023,NTT,1767123,1130921
Mar 2023,NUSA TENGGARA BARAT,2008471,3016129
Mar 2023,NUSA TENGGARA TIMUR,1767297,1130974
Mar 2023,PAPUA,373036,1556595
Mar 2023,PAPUA BARAT,40642,113403
Mar 2023,RIAU,8678225,6082723
Mar 2023,SULAWESI BARAT,87792,414918
Mar 2023,SULAWESI SELATAN,4356710,4936052
Mar 2023,SULAWESI TENGAH,221771,1062004
Mar 2023,SULAWESI TENGGARA,87792,714521
Mar 2023,SULAWESI UTARA,334314,1324819
Mar 2023,SUMATERA BARAT,3107046,4987381
Mar 2023,SUMATERA SELATAN,4605152,5842894
Mar 2023,SUMATERA UTARA,8288333,9352228
Apr 2023,ACEH,2527716,3327832
Apr 2023,BALI,4816546,4352516
Apr 2023,BANTEN,15378871,11373373
Apr 2023,BENGKULU,521960,1133830
Apr 2023,DI YOGYAKARTA,3956447,5345249
Apr 2023,DKI JAKARTA,1749929,15732912
Apr 2023,GORONTALO,101880,441594
Apr 2023,JAMBI,1907268,2657807
Apr 2023,JAWA BARAT,61139057,43967574
Apr 2023,JAWA TENGAH,54444097,27092637
Apr 2023,JAWA TIMUR,34536013,37242159
Apr 2023,KALIMANTAN BARAT,4469122,3162554
Apr 2023,KALIMANTAN SELATAN,4980156,3624046
Apr 2023,KALIMANTAN TENGAH,1796608,2980942
Apr 2023,KALIMANTAN TIMUR,2815678,4554026
Apr 2023,KALIMANTAN UTARA,322581,417439
Apr 2023,KEPULAUAN BABEL,1540017,1471756
Apr 2023,KEPULAUAN RIAU,5695337,2463320
Apr 2023,LAMPUNG,5083668,4756707
Apr 2023,MALUKU,66496,614267
Apr 2023,MALUKU UTARA,1752,332074
Apr 2023,NTB,2362615,3068891
Apr 2023,NTT,2078524,1150554
Apr 2023,NUSA TENGGARA BARAT,2362403,3068489
Apr 2023,NUSA TENGGARA TIMUR,2078729,1150608
Apr 2023,PAPUA,438772,1583618
Apr 2023,PAPUA BARAT,47804,115372
Apr 2023,RIAU,10207496,6188320
Apr 2023,SULAWESI BARAT,103263,422121
Apr 2023,SULAWESI SELATAN,5124447,5021743
Apr 2023,SULAWESI TENGAH,260851,1080440
Apr 2023,SULAWESI TENGGARA,103263,726925
Apr 2023,SULAWESI UTARA,393227,1347818
Apr 2023,SUMATERA BARAT,3654568,5073963
Apr 2023,SUMATERA SELATAN,5416669,5944327
Apr 2023,SUMATERA UTARA,9748898,9514584
May 2023,ACEH,2474781,3200826
May 2023,BALI,4715679,4186403
May 2023,BANTEN,15056811,10939311
May 2023,BENGKULU,511030,1090558
May 2023,DI YOGYAKARTA,3873592,5141248
May 2023,DKI JAKARTA,1713282,15132468
May 2023,GORONTALO,99746,424740
May 2023,JAMBI,1867326,2556372
May 2023,JAWA BARAT,59858698,42289561
May 2023,JAWA TENGAH,53303942,26058653
May 2023,JAWA TIMUR,33812768,35820820
May 2023,KALIMANTAN BARAT,4375530,3041856
May 2023,KALIMANTAN SELATAN,4875863,3485735
May 2023,KALIMANTAN TENGAH,1758984,2867175
May 2023,KALIMANTAN TIMUR,2756713,4380223
May 2023,KALIMANTAN UTARA,315825,401507
May 2023,KEPULAUAN BABEL,1507767,1415587
May 2023,KEPULAUAN RIAU,5576067,2369308
May 2023,LAMPUNG,4977207,4575168
May 2023,MALUKU,65104,590823
May 2023,MALUKU UTARA,1715,319400
May 2023,NTB,2313138,2951768
May 2023,NTT,2034996,1106643
May 2023,NUSA TENGGARA BARAT,2312930,2951381
May 2023,NUSA TENGGARA TIMUR,2035197,1106695
May 2023,PAPUA,429583,1523179
May 2023,PAPUA BARAT,46803,110969
May 2023,RIAU,9993733,5952144
May 2023,SULAWESI BARAT,101100,406011
May 2023,SULAWESI SELATAN,5017132,4830089
May 2023,SULAWESI TENGAH,255389,1039206
May 2023,SULAWESI TENGGARA,101100,699182
May 2023,SULAWESI UTARA,384992,1296379
May 2023,SUMATERA BARAT,3578035,4880316
May 2023,SUMATERA SELATAN,5303235,5717463
May 2023,SUMATERA UTARA,9544739,9151462
Jun 2023,ACEH,2539847,3117192
Jun 2023,BALI,4839661,4077018
Jun 2023,BANTEN,15452677,10653481
Jun 2023,BENGKULU,524465,1062063
Jun 2023,DI YOGYAKARTA,3975434,5006914
Jun 2023,DKI JAKARTA,1758327,14737077
Jun 2023,GORONTALO,102369,413642
Jun 2023,JAMBI,1916421,2489578
Jun 2023,JAWA BARAT,61432472,41184592
Jun 2023,JAWA TENGAH,54705383,25377775
Jun 2023,JAWA TIMUR,34701757,34884870
Jun 2023,KALIMANTAN BARAT,4490570,2962376
Jun 2023,KALIMANTAN SELATAN,5004056,3394658
Jun 2023,KALIMANTAN TENGAH,1805230,2792259
Jun 2023,KALIMANTAN TIMUR,2829191,4265773
Jun 2023,KALIMANTAN UTARA,324129,391017
Jun 2023,KEPULAUAN BABEL,1547408,1378600
Jun 2023,KEPULAUAN RIAU,5722670,2307401
Jun 2023,LAMPUNG,5108066,4455625
Jun 2023,MALUKU,66816,575386
Jun 2023,MALUKU UTARA,1760,311055
Jun 2023,NTB,2373954,2874642
Jun 2023,NTT,2088499,1077728
Jun 2023,NUSA TENGGARA BARAT,2373741,2874265
Jun 2023,NUSA TENGGARA TIMUR,2088705,1077778
Jun 2023,PAPUA,440878,1483381
Jun 2023,PAPUA BARAT,48034,108069
Jun 2023,RIAU,10256484,5796622
Jun 2023,SULAWESI BARAT,103758,395402
Jun 2023,SULAWESI SELATAN,5149040,4703885
Jun 2023,SULAWESI TENGAH,262103,1012053
Jun 2023,SULAWESI TENGGARA,103758,680914
Jun 2023,SULAWESI UTARA,395114,1262506
Jun 2023,SUMATERA BARAT,3672107,4752800
Jun 2023,SUMATERA SELATAN,5442665,5568073
Jun 2023,SUMATERA UTARA,9795684,8912346
Jul 2023,ACEH,2482240,3200826
Jul 2023,BALI,4729891,4186403
Jul 2023,BANTEN,15102189,10939311
Jul 2023,BENGKULU,512570,1090558
Jul 2023,DI YOGYAKARTA,3885266,5141248
Jul 2023,DKI JAKARTA,1718446,15132468
Jul 2023,GORONTALO,100047,424740
Jul 2023,JAMBI,1872954,2556372
Jul 2023,JAWA BARAT,60039099,42289561
Jul 2023,JAWA TENGAH,53464589,26058653
Jul 2023,JAWA TIMUR,33914673,35820820
Jul 2023,KALIMANTAN BARAT,4388717,3041856
Jul 2023,KALIMANTAN SELATAN,4890557,3485735
Jul 2023,KALIMANTAN TENGAH,1764285,2867175
Jul 2023,KALIMANTAN TIMUR,2765021,4380223
Jul 2023,KALIMANTAN UTARA,316777,401507
Jul 2023,KEPULAUAN BABEL,1512311,1415587
Jul 2023,KEPULAUAN RIAU,5592872,2369308
Jul 2023,LAMPUNG,4992208,4575168
Jul 2023,MALUKU,65300,590823
Jul 2023,MALUKU UTARA,1720,319400
Jul 2023,NTB,2320109,2951768
Jul 2023,NTT,2041129,1106643
Jul 2023,NUSA TENGGARA BARAT,2319901,2951381
Jul 2023,NUSA TENGGARA TIMUR,2041330,1106695
Jul 2023,PAPUA,430878,1523179
Jul 2023,PAPUA BARAT,46944,110969
Jul 2023,RIAU,10023852,5952144
Jul 2023,SULAWESI BARAT,101405,406011
Jul 2023,SULAWESI SELATAN,5032252,4830089
Jul 2023,SULAWESI TENGAH,256158,1039206
Jul 2023,SULAWESI TENGGARA,101405,699182
Jul 2023,SULAWESI UTARA,386152,1296379
Jul 2023,SUMATERA BARAT,3588818,4880316
Jul 2023,SUMATERA SELATAN,5319218,5717463
Jul 2023,SUMATERA UTARA,9573505,9151462
Aug 2023,ACEH,2492027,3200826
Aug 2023,BALI,4748541,4186403
Aug 2023,BANTEN,15161737,10939311
Aug 2023,BENGKULU,514591,1090558
Aug 2023,DI YOGYAKARTA,3900586,5141248
Aug 2023,DKI JAKARTA,1725222,15132468
Aug 2023,GORONTALO,100441,424740
Aug 2023,JAMBI,1880339,2556372
Aug 2023,JAWA BARAT,60275832,42289561
Aug 2023,JAWA TENGAH,53675399,26058653
Aug 2023,JAWA TIMUR,34048398,35820820
Aug 2023,KALIMANTAN BARAT,4406022,3041856
Aug 2023,KALIMANTAN SELATAN,4909841,3485735
Aug 2023,KALIMANTAN TENGAH,1771242,2867175
Aug 2023,KALIMANTAN TIMUR,2775923,4380223
Aug 2023,KALIMANTAN UTARA,318026,401507
Aug 2023,KEPULAUAN BABEL,1518274,1415587
Aug 2023,KEPULAUAN RIAU,5614925,2369308
Aug 2023,LAMPUNG,5011892,4575168
Aug 2023,MALUKU,65558,590823
Aug 2023,MALUKU UTARA,1727,319400
Aug 2023,NTB,2329257,2951768
Aug 2023,NTT,2049177,1106643
Aug 2023,NUSA TENGGARA BARAT,2329048,2951381
Aug 2023,NUSA TENGGARA TIMUR,2049379,1106695
Aug 2023,PAPUA,432577,1523179
Aug 2023,PAPUA BARAT,47129,110969
Aug 2023,RIAU,10063376,5952144
Aug 2023,SULAWESI BARAT,101805,406011
Aug 2023,SULAWESI SELATAN,5052094,4830089
Aug 2023,SULAWESI TENGAH,257168,1039206
Aug 2023,SULAWESI TENGGARA,101805,699182
Aug 2023,SULAWESI UTARA,387675,1296379
Aug 2023,SUMATERA BARAT,3602969,4880316
Aug 2023,SUMATERA SELATAN,5340191,5717463
Aug 2023,SUMATERA UTARA,9611253,9151462
Sep 2023,ACEH,2595590,3097577
Sep 2023,BALI,4945878,4051363
Sep 2023,BANTEN,15791820,10586443
Sep 2023,BENGKULU,535976,1055380
Sep 2023,DI YOGYAKARTA,4062684,4975408
Sep 2023,DKI JAKARTA,1796918,14644342
Sep 2023,GORONTALO,104615,411039
Sep 2023,JAMBI,1958481,2473912
Sep 2023,JAWA BARAT,62780745,40925433
Sep 2023,JAWA TENGAH,55906014,25218082
Sep 2023,JAWA TIMUR,35463364,34665353
Sep 2023,KALIMANTAN BARAT,4589125,2943735
Sep 2023,KALIMANTAN SELATAN,5113881,3373296
Sep 2023,KALIMANTAN TENGAH,1844850,2774689
Sep 2023,KALIMANTAN TIMUR,2891284,4238930
Sep 2023,KALIMANTAN UTARA,331242,388556
Sep 2023,KEPULAUAN BABEL,1581369,1369925
Sep 2023,KEPULAUAN RIAU,5848267,2292881
Sep 2023,LAMPUNG,5220174,4427588
Sep 2023,MALUKU,68282,571765
Sep 2023,MALUKU UTARA,1799,309098
Sep 2023,NTB,2426055,2856553
Sep 2023,NTT,2134336,1070946
Sep 2023,NUSA TENGGARA BARAT,2425838,2856178
Sep 2023,NUSA TENGGARA TIMUR,2134546,1070996
Sep 2023,PAPUA,450554,1474046
Sep 2023,PAPUA BARAT,49088,107389
Sep 2023,RIAU,10481585,5760146
Sep 2023,SULAWESI BARAT,106036,392914
Sep 2023,SULAWESI SELATAN,5262047,4674286
Sep 2023,SULAWESI TENGAH,267856,1005684
Sep 2023,SULAWESI TENGGARA,106036,676629
Sep 2023,SULAWESI UTARA,403785,1254562
Sep 2023,SUMATERA BARAT,3752699,4722892
Sep 2023,SUMATERA SELATAN,5562116,5533036
Sep 2023,SUMATERA UTARA,10010672,8856264
Oct 2023,ACEH,2351658,3200826
Oct 2023,BALI,4481069,4186403
Oct 2023,BANTEN,14307720,10939311
Oct 2023,BENGKULU,485605,1090558
Oct 2023,DI YOGYAKARTA,3680877,5141248
Oct 2023,DKI JAKARTA,1628045,15132468
Oct 2023,GORONTALO,94784,424740
Oct 2023,JAMBI,1774425,2556372
Oct 2023,JAWA BARAT,56880671,42289561
Oct 2023,JAWA TENGAH,50652021,26058653
Oct 2023,JAWA TIMUR,32130551,35820820
Oct 2023,KALIMANTAN BARAT,4157844,3041856
Oct 2023,KALIMANTAN SELATAN,4633284,3485735
Oct 2023,KALIMANTAN TENGAH,1671473,2867175
Oct 2023,KALIMANTAN TIMUR,2619564,4380223
Oct 2023,KALIMANTAN UTARA,300113,401507
Oct 2023,KEPULAUAN BABEL,1432754,1415587
Oct 2023,KEPULAUAN RIAU,5298652,2369308
Oct 2023,LAMPUNG,4729587,4575168
Oct 2023,MALUKU,61865,590823
Oct 2023,MALUKU UTARA,1630,319400
Oct 2023,NTB,2198057,2951768
Oct 2023,NTT,1933753,1106643
Oct 2023,NUSA TENGGARA BARAT,2197860,2951381
Oct 2023,NUSA TENGGARA TIMUR,1933944,1106695
Oct 2023,PAPUA,408211,1523179
Oct 2023,PAPUA BARAT,44474,110969
Oct 2023,RIAU,9496536,5952144
Oct 2023,SULAWESI BARAT,96071,406011
Oct 2023,SULAWESI SELATAN,4767525,4830089
Oct 2023,SULAWESI TENGAH,242683,1039206
Oct 2023,SULAWESI TENGGARA,96071,699182
Oct 2023,SULAWESI UTARA,365838,1296379
Oct 2023,SUMATERA BARAT,3400024,4880316
Oct 2023,SUMATERA SELATAN,5039394,5717463
Oct 2023,SUMATERA UTARA,9069879,9151462
Nov 2023,ACEH,2509179,3097577
Nov 2023,BALI,4781223,4051363
Nov 2023,BANTEN,15266088,10586443
Nov 2023,BENGKULU,518132,1055380
Nov 2023,DI YOGYAKARTA,3927432,4975408
Nov 2023,DKI JAKARTA,1737096,14644342
Nov 2023,GORONTALO,101133,411039
Nov 2023,JAMBI,1893280,2473912
Nov 2023,JAWA BARAT,60690685,40925433
Nov 2023,JAWA TENGAH,54044824,25218082
Nov 2023,JAWA TIMUR,34282739,34665353
Nov 2023,KALIMANTAN BARAT,4436347,2943735
Nov 2023,KALIMANTAN SELATAN,4943633,3373296
Nov 2023,KALIMANTAN TENGAH,1783432,2774689
Nov 2023,KALIMANTAN TIMUR,2795029,4238930
Nov 2023,KALIMANTAN UTARA,320215,388556
Nov 2023,KEPULAUAN BABEL,1528723,1369925
Nov 2023,KEPULAUAN RIAU,5653570,2292881
Nov 2023,LAMPUNG,5046387,4427588
Nov 2023,MALUKU,66009,571765
Nov 2023,MALUKU UTARA,1739,309098
Nov 2023,NTB,2345288,2856553
Nov 2023,NTT,2063281,1070946
Nov 2023,NUSA TENGGARA BARAT,2345078,2856178
Nov 2023,NUSA TENGGARA TIMUR,2063484,1070996
Nov 2023,PAPUA,435554,1474046
Nov 2023,PAPUA BARAT,47454,107389
Nov 2023,RIAU,10132638,5760146
Nov 2023,SULAWESI BARAT,102506,392914
Nov 2023,SULAWESI SELATAN,5086866,4674286
Nov 2023,SULAWESI TENGAH,258938,1005684
Nov 2023,SULAWESI TENGGARA,102506,676629
Nov 2023,SULAWESI UTARA,390343,1254562
Nov 2023,SUMATERA BARAT,3627766,4722892
Nov 2023,SUMATERA SELATAN,5376946,5533036
Nov 2023,SUMATERA UTARA,9677403,8856264
Dec 2023,ACEH,2551593,3228703
Dec 2023,BALI,4862044,4222865
Dec 2023,BANTEN,15524143,11034588
Dec 2023,BENGKULU,526891,1100056
Dec 2023,DI YOGYAKARTA,3993820,5186026
Dec 2023,DKI JAKARTA,1766459,15264266
Dec 2023,GORONTALO,102842,428440
Dec 2023,JAMBI,1925284,2578637
Dec 2023,JAWA BARAT,61716587,42657885
Dec 2023,JAWA TENGAH,54958385,26285612
Dec 2023,JAWA TIMUR,34862246,36132803
Dec 2023,KALIMANTAN BARAT,4511338,3068349
Dec 2023,KALIMANTAN SELATAN,5027199,3516095
Dec 2023,KALIMANTAN TENGAH,1813579,2892147
Dec 2023,KALIMANTAN TIMUR,2842275,4418373
Dec 2023,KALIMANTAN UTARA,325628,405004
Dec 2023,KEPULAUAN BABEL,1554565,1427916
Dec 2023,KEPULAUAN RIAU,5749137,2389943
Dec 2023,LAMPUNG,5131690,4615016
Dec 2023,MALUKU,67125,595969
Dec 2023,MALUKU UTARA,1768,322182
Dec 2023,NTB,2384933,2977476
Dec 2023,NTT,2098158,1116282
Dec 2023,NUSA TENGGARA BARAT,2384719,2977086
Dec 2023,NUSA TENGGARA TIMUR,2098365,1116334
Dec 2023,PAPUA,442917,1536445
Dec 2023,PAPUA BARAT,48256,111935
Dec 2023,RIAU,10303918,6003984
Dec 2023,SULAWESI BARAT,104238,409547
Dec 2023,SULAWESI SELATAN,5172853,4872157
Dec 2023,SULAWESI TENGAH,263315,1048257
Dec 2023,SULAWESI TENGGARA,104238,705272
Dec 2023,SULAWESI UTARA,396941,1307670
Dec 2023,SUMATERA BARAT,3689089,4922821
Dec 2023,SUMATERA SELATAN,5467836,5767260
Dec 2023,SUMATERA UTARA,9840988,9231167
